033_03.png,143_03.png
033_03.png,039_03.png
033_03.png,108_03.png
033_03.png,139_03.png
033_03.png,092_03.png
033_03.png,064_03.png
033_03.png,043_03.png
033_03.png,090_03.png
033_03.png,104_03.png
033_03.png,011_03.png
143_03.png,128_03.png
143_03.png,033_03.png
143_03.png,006_03.png
143_03.png,104_03.png
143_03.png,108_03.png
143_03.png,036_03.png
143_03.png,103_03.png
143_03.png,041_03.png
143_03.png,027_03.png
143_03.png,144_03.png
082_03.png,025_03.png
082_03.png,045_03.png
082_03.png,043_03.png
082_03.png,127_03.png
082_03.png,081_03.png
082_03.png,137_03.png
082_03.png,134_03.png
082_03.png,123_03.png
082_03.png,013_03.png
082_03.png,100_03.png
042_03.png,137_03.png
042_03.png,141_03.png
042_03.png,124_03.png
042_03.png,031_03.png
042_03.png,027_03.png
042_03.png,094_03.png
042_03.png,036_03.png
042_03.png,033_03.png
042_03.png,039_03.png
042_03.png,037_03.png
114_03.png,061_03.png
114_03.png,127_03.png
114_03.png,067_03.png
114_03.png,125_03.png
114_03.png,105_03.png
114_03.png,020_03.png
114_03.png,141_03.png
114_03.png,091_03.png
114_03.png,005_03.png
114_03.png,094_03.png
